<?xml version="1.0" encoding="UTF-8"?>
<project-private xmlns="http://www.netbeans.org/ns/project-private/1">
    <editor-bookmarks xmlns="http://www.netbeans.org/ns/editor-bookmarks/2" lastBookmarkId="0"/>
    <open-files xmlns="http://www.netbeans.org/ns/projectui-open-files/2">
        <group>
            <file>file:/C:/xampp/htdocs/plusbella/src/DGPlusbelleBundle/Resources/views/Venta/editarVentaTratamiento.html.twig</file>
            <file>file:/C:/xampp/htdocs/plusbella/src/DGPlusbelleBundle/Controller/SeguimientoTratamientoController.php</file>
            <file>file:/C:/xampp/htdocs/plusbella/src/DGPlusbelleBundle/Resources/views/Consulta/newconpacienteSD.html.twig</file>
            <file>file:/C:/xampp/htdocs/plusbella/src/DGPlusbelleBundle/Controller/ConsultaController.php</file>
            <file>file:/C:/xampp/htdocs/plusbella/src/DGPlusbelleBundle/Resources/views/Consulta/newconpaciente.html.twig</file>
            <file>file:/C:/xampp/htdocs/plusbella/src/DGPlusbelleBundle/Controller/VentaController.php</file>
            <file>file:/C:/xampp/htdocs/plusbella/src/DGPlusbelleBundle/Controller/ReporteController.php</file>
            <file>file:/C:/xampp/htdocs/plusbella/src/DGPlusbelleBundle/Controller/AbonoController.php</file>
            <file>file:/C:/xampp/htdocs/plusbella/src/DGPlusbelleBundle/Controller/VentaPaqueteController.php</file>
            <file>file:/C:/xampp/htdocs/plusbella/src/DGPlusbelleBundle/Controller/SeguimientoPaqueteController.php</file>
            <file>file:/C:/xampp/htdocs/plusbella/src/DGPlusbelleBundle/Resources/views/Venta/nuevaVenta.html.twig</file>
            <file>file:/C:/xampp/htdocs/plusbella/src/DGPlusbelleBundle/Resources/views/Abono/new.html.twig</file>
            <file>file:/C:/xampp/htdocs/plusbella/src/DGPlusbelleBundle/Resources/views/Venta/editarVentaPaquete.html.twig</file>
            <file>file:/C:/xampp/htdocs/plusbella/src/DGPlusbelleBundle/Resources/views/Consulta/historialconsulta.html.twig</file>
            <file>file:/C:/xampp/htdocs/plusbella/src/DGPlusbelleBundle/Controller/PersonaTratamientoController.php</file>
        </group>
    </open-files>
</project-private>
